w1	-	-	dispatch	master	CTS-05a/b 三块并行派工 RV1/RV2/MDE1 seat=opus	-	2026-07-24T13:27Z
w1	RV2	-	impl	opus	PASS tests=25 funcs=6/6 src-touched=0 gaps=none	-	2026-07-24T13:35Z
w1	MDE1	-	impl	opus	PASS tests=41 funcs=11/11 src-touched=0 gaps=none	-	2026-07-24T13:35Z
w1	RV1	-	impl	opus	PASS tests=41 funcs=6/6 src-touched=0 gaps=none	-	2026-07-24T13:37Z
w1	RV2	-	reviewA	grok	PASS sample=yes codex复核派出 标签行粘连已提键	-	2026-07-24T13:40Z
w1	RV1	-	reviewA	grok	PASS sample=yes codex复核派出	-	2026-07-24T13:41Z
w1	MDE1	-	reviewA	grok	PASS sample=no	-	2026-07-24T13:42Z
w1	MDE1	-	sealed	master	封版 tests=41 funcs=11/11 gaps=0已处置	-	2026-07-24T13:42Z
w1	RV2	-	review-sample	codex	FAIL 理由词面=复核环境测试未跑绿 与grok分歧 arb派出	-	2026-07-24T13:45Z
w1	RV1	-	review-sample	codex	FAIL 理由词面=复核环境测试未跑绿 与grok分歧 arb派出	-	2026-07-24T13:48Z
w1	RV2	-	arb	fable	OVERTURNED 复核FAIL=沙箱EPERM非产物缺陷 authorship=派工fuse显式model执法 v1边界不收sidechain	-	2026-07-24T13:48Z
w1	RV2	-	sealed	master	封版 tests=25 funcs=6/6 gaps=0已处置 arb=OVERTURNED采信grok	-	2026-07-24T13:48Z
w1	RV1	-	arb	fable	OVERTURNED 复核FAIL=沙箱EPERM非产物缺陷 authorship=派工fuse显式model执法	-	2026-07-24T13:50Z
w1	RV1	-	sealed	master	封版 tests=41 funcs=6/6 gaps=0已处置 arb=OVERTURNED采信grok	-	2026-07-24T13:50Z
w1	-	-	tally	mech	抽样一致率样本=0 复核方沙箱EPERM两次假阴性 下波复核参数单需指明兼容测试跑法	-	2026-07-24T13:51Z
w2	-	-	dispatch	master	CTS-03/04 两块并行派工 FIX1/FIX2 seat=opus	-	2026-07-24T14:00Z
w2	FIX1	-	impl	opus	PASS tests-flipped=3 files=2 npm=223/223 gaps=none	-	2026-07-24T14:08Z
w2	FIX2	-	impl	opus	PASS tests=12 src-lines=1 npm=235/235 gaps=none	-	2026-07-24T14:10Z
w2	FIX2	-	reviewA	grok	PASS sample=yes codex复核派出	-	2026-07-24T14:15Z
w2	FIX1	-	reviewA	grok	PASS sample=no	-	2026-07-24T14:16Z
w2	FIX1	-	sealed	master	封版 FM-score反演接通 tests-flipped=3 npm=235/235 gaps=0已处置	-	2026-07-24T14:16Z
w2	FIX2	-	review-sample	codex	FAIL 实质指控=two-mean模式totalSampleSize仍NaN 与grok分歧 arb派出	-	2026-07-24T14:21Z
w2	FIX2	-	arb	fable	UPHELD two-mean传参错配sd入alpha槽 三studyType实测NaN 测试零two-mean用例 打回fixer	-	2026-07-24T14:27Z
w2	FIX2	-	refix	opus	PASS two-mean三型有限正数 率终点不变 tests+3 npm=238/238 gaps=none	-	2026-07-24T14:33Z
w2	FIX2	-	sealed	master	封版 键名修+传参错配修 tests=15 npm=238/238 arb=UPHELD已闭合 gaps=0已处置	-	2026-07-24T14:33Z
w3	-	-	dispatch	master	CTS-02跨仓两段 FIX3(A仓API+JSDoc)先行 FIX3B(B仓适配)候 seat=opus CTS-12并入第三批验证器	-	2026-07-24T14:39Z
w3	FIX3	-	impl	opus	PASS api=4 jsdoc-files=11 等价自检ALL_MATCH npm=238/238 gaps=none	-	2026-07-24T14:59Z
w3	FIX3	-	impl-b	opus	PASS callsites=4 npm=181/181 基准385/97恢复 gaps=none	-	2026-07-24T15:03Z
w3	FIX3	-	reviewA	grok	FAIL B仓simulation-logic残留旧半α调用 CI宽度塌缩~60倍 参数单范围缺口 打回fixer sample=no	-	2026-07-24T15:13Z
w3	FIX3	-	refix	opus	PASS 全仓6调用点 修2处 等价逐字节 tests+7 npm=188/188 gaps=none	-	2026-07-24T15:21Z
w3	FIX3	-	sealed	master	封版 CTS-02跨仓闭环 A仓12文件+B仓3文件+测试7 arb=无 审FAIL已闭合 gaps=0已处置	-	2026-07-24T15:21Z
w4	-	-	dispatch	master	B仓解锁批开工 scout侦察先行 卡=W4-scout-card	-	2026-07-24T15:43Z
w4	-	-	scout	opus	DONE 卡A=3条 卡C首推paired cardcheck=N/A规划卡型 gaps=1estimation同门控	-	2026-07-24T15:55Z
w4	-	-	gap-rule	master	裁决:解锁序paired→multigroup→estimation双模块作单批次单元 各自六步分析 开关一次 gaps=1已处置	-	2026-07-24T15:55Z
w4	W4A	-	impl	opus	PASS P3-1=fixed P4-1=doc P4-2=fixed npm=196/196 gaps=none	-	2026-07-24T16:12Z
w4	W4B	-	impl	opus	DONE paired六步报告 findings=2❌5⚠️8✅ blocker=NaN白屏+效应量键名错 gaps=none	-	2026-07-24T16:13Z
w4	W4A	-	gap-flag	master	流程违规:W4A改B仓statistics+B侧加算法测试 参数单未挂禁改边界 回流席W4R派出	-	2026-07-24T16:13Z
w4	W4C	-	impl	opus	PASS blocker两条闭合+顺带W4B-2 tests+11 npm=207/207 席位越权commit=b66630a已核收 gaps=none	-	2026-07-24T16:27Z
w4	W4R	-	impl	opus	PASS 回流A仓 A=243/243 file-diff=0 B侧算法测试已删归位 gaps=none	-	2026-07-24T16:29Z
w4	W4C	-	reviewA	grok	PASS sample=no	-	2026-07-24T16:38Z
w4	W4C	-	sealed	master	封版 blocker两条+W4B-2闭合 commit=b66630a gaps=0已处置	-	2026-07-24T16:38Z
w4	W4A	-	reviewA	grok	FAIL P3-1注记B仓测试路径因回流失实 W4R参数单连带遗漏 打回fixer sample=no	-	2026-07-24T16:38Z
w4	W4A	-	refix	opus	PASS 指针8查1修 gaps=none	-	2026-07-24T16:45Z
w4	W4A	-	sealed	master	封版 等效遗留3条终态+注记指针修正 gaps=0已处置	-	2026-07-24T16:45Z
w4	W4S	-	impl	opus	PASS paired=open 其余locked npm=202/202 lint=0 双构建DONE gaps=none	-	2026-07-24T16:49Z
w5	-	-	dispatch	master	multigroup波开工 W5A(paired警告项4条处置)+W5B(multigroup六步分析)并行 seat=opus	-	2026-07-24T17:03Z
w5	W5B	-	impl	opus	DONE multigroup六步报告 findings=3❌6⚠️9✅ blocker=连续验证界值错+NaN白屏+警告键名 gaps=none	-	2026-07-24T17:17Z
w5	W5A	-	impl	opus	PASS 3fixed+1wontfix有据 tests+8 npm=210/210 gaps=none	-	2026-07-24T17:24Z
w5	W5C	-	impl	opus	PASS 三blocker闭合+顺带W5B-2 tests+14 npm=224/224 gaps=none	-	2026-07-24T17:38Z
w5	W5A	-	reviewA	grok	PASS sample=no	-	2026-07-24T17:44Z
w5	W5A	-	sealed	master	封版 paired警告项4条终态 3fixed+1wontfix有据 gaps=0已处置	-	2026-07-24T17:44Z
w5	W5C	-	reviewA	grok	PASS sample=no 最有利组锚漏报核查过	-	2026-07-24T17:51Z
w5	W5C	-	sealed	master	封版 multigroup三blocker闭合 gaps=0已处置	-	2026-07-24T17:51Z
w5	W5S	-	impl	opus	PASS multigroup=open npm=224/224 lint=0 双构建DONE gaps=none	-	2026-07-24T17:54Z
w6	-	-	dispatch	master	estimation波开工 W6A(multigroup警告5条处置)+W6B(rateCI+meanCI双模块六步分析)并行 seat=opus	-	2026-07-24T17:57Z
w6	W6A	-	impl	opus	PASS 4fixed+1误报判定 tests+10 npm=234/234 含multigroup界值符号统一 gaps=none	-	2026-07-24T18:12Z
w6	W6B	-	impl	opus	DONE estimation六步报告 findings=1❌5⚠️10✅ blocker=rateCI图标签双重缩放x100 gaps=none	-	2026-07-24T18:13Z
w6	W6C	-	impl	opus	PASS 双重缩放删composable侧 单一转换点=ci-chart meanCI核查无恙 tests+6 npm=240/240 gaps=none	-	2026-07-24T18:25Z
w6	W6C	-	reviewA	grok	PASS sample=no 缩放逐字段+meanCI声明核实过	-	2026-07-24T18:29Z
w6	W6C	-	sealed	master	封版 rateCI双重缩放闭合 单一转换点契约化 gaps=0已处置	-	2026-07-24T18:29Z
w6	W6A	-	reviewA	grok	PASS sample=no 误报判定独立验证过	-	2026-07-24T18:32Z
w6	W6A	-	sealed	master	封版 multigroup警告5条终态 4fixed+1误报有据 界值符号统一 gaps=0已处置	-	2026-07-24T18:32Z
w6	W6S	-	impl	opus	PASS estimation=open 四模块全开 npm=240/240 lint=0 双构建DONE gaps=none	-	2026-07-24T18:35Z
w7	-	-	dispatch	master	规范收尾波开工 W7A(estimation警告5条)+W7B(WX-09 ciData提取)并行 W7C(WX-10/14/16)候 seat=opus	-	2026-07-25T01:38Z
w7	W7B	-	impl	opus	PASS dedup=1056to824 tests+17 npm=270/270 越权commit=633bb0c已核收(二犯) gaps=none	-	2026-07-25T01:56Z
w7	W7A	-	impl	opus	PASS 4fixed+R3转W7C协调 tests+13 npm=270/270 gaps=none	-	2026-07-25T01:57Z
w7	W7B	-	reviewA	grok	PASS sample=no 锁定测试套父提交验行为保持=真	-	2026-07-25T02:01Z
w7	W7B	-	sealed	master	封版 WX-09闭合 commit=633bb0c gaps=0已处置	-	2026-07-25T02:01Z
w7	W7A	-	reviewA	grok	PASS sample=no	-	2026-07-25T02:02Z
w7	W7A	-	sealed	master	封版 estimation警告4条终态+R3转协调 gaps=0已处置	-	2026-07-25T02:02Z
w7	W7C	-	impl	opus	PASS wx10/16/r3=fixed wx14=wontfix有据 tests+42 npm=312/312 双构建DONE gaps=none	-	2026-07-25T02:21Z
w7	W7C	-	reviewA	grok	FAIL 四Props默认值收敛后不等值 行为保持声明不成立 打回fixer sample=no	-	2026-07-25T02:25Z
w7	W7C	-	refix	opus	PASS 四值等值恢复 全不可达加兜底注释 npm=313/313 gaps=none	-	2026-07-25T02:31Z
w7	W7C	-	sealed	master	封版 WX-10/14/16+R3闭合 审FAIL等值已修 gaps=0已处置	-	2026-07-25T02:31Z
w8	-	-	dispatch	master	A仓统一参数验证器波开工 scout侦察先行 卡=W8-scout-card	-	2026-07-25T02:34Z
w8	-	-	scout	opus	DONE 卡A有既定设计 四形态throw0/safeNum12/NaN6/errObj1 决策点6 cardcheck=N/A	-	2026-07-25T02:44Z
w8	-	-	gap-rule	master	契约拍板C1-C6:NaN哲学不变+共享validator+sensitivity不动+域外拒绝2断言翻转+域内反常warn+全域7项防御	-	2026-07-25T02:45Z
w8	W8C	-	impl	opus	PASS entries=38 slipthrough=4闭合 flipped=2 tests+28 npm=271/271 gaps=none	-	2026-07-25T03:05Z
w8	W8C	-	reviewA	grok	FAIL 部分入口先safeNumber后validate 类型无效被吞返回假合法值 打回fixer sample=no	-	2026-07-25T03:13Z
w8	W8C	-	refix	opus	PASS 修8入口(审计6+自查2) 38/38拒绝0假合法 tests+31 npm=302/302 gaps=none	-	2026-07-25T03:36Z
w8	W8C	-	sealed	master	封版 统一参数验证器+CTS-12闭合 审FAIL顺序已修 gaps=0已处置	-	2026-07-25T03:36Z
